{"cameraMode":{"drawMode":0,"name":"Shaded","section":"Shading Mode"},"sceneLighting":true,"audioPlay":false,"sceneViewState":{"showFog":true,"showMaterialUpdate":false,"showSkybox":true,"showFlares":true,"showImageEffects":true,"showParticleSystems":true},"in2DMode":false,"pivot":{"x":-57.190460205078128,"y":20.680429458618165,"z":131.82203674316407},"rotation":{"x":-0.11073706299066544,"y":0.4180547893047333,"z":-0.051468901336193088,"w":-0.9003574848175049},"size":65.1651611328125,"orthographic":false}