{"cameraMode":{"drawMode":0,"name":"Shaded","section":"Shading Mode"},"sceneLighting":false,"audioPlay":false,"sceneViewState":{"showFog":true,"showMaterialUpdate":false,"showSkybox":false,"showFlares":true,"showImageEffects":true,"showParticleSystems":true,"showVisualEffectGraphs":true,"m_FxEnabled":true},"in2DMode":false,"pivot":{"x":-4.947707653045654,"y":0.49322664737701418,"z":-2.582355499267578},"rotation":{"x":-0.21233969926834107,"y":0.18113191425800324,"z":-0.040087927132844928,"w":-0.9594202637672424},"size":1.3231542110443116,"orthographic":false}